dataset,split_tag,n_clips,accuracy,precision,recall,f1,auc
nthu_ddd,Seen,13287,0.7574320764657184,0.7784974009889251,0.6302204094714191,0.6375277060775008,0.7203969709537763
yawdd,Seen,360,0.5583333333333333,0.42395604395604397,0.4720571133221347,0.4044386178481131,0.36640715854761596
uta_rldd,Unseen,16471,0.5027624309392266,0.4806509889183893,0.48059618375327373,0.4806182290453855,0.5000954206655591
nitymed,Unseen,3243,0.7613320999074931,0.5,0.38066604995374653,0.4322478991596639,nan
