dataset,n_clips,accuracy,precision,recall,f1,auc
nthu_ddd,13287,0.7405734928877851,0.6975771832737008,0.6545594094183548,0.665026922852362,0.7148453519521186
nitymed,5541,0.9987366901281357,0.5,0.49936834506406785,0.49968397291196387,nan
yawdd,360,0.6055555555555555,0.30277777777777776,0.5,0.3771626297577855,0.12797196020157645
uta_rldd,16471,0.7365065873353166,0.8421698223585017,0.6673368707610908,0.6619058950359384,0.8014189995299756
