dataset,split_tag,n_clips,accuracy,precision,recall,f1,auc
uta_rldd,Seen,16471,0.7748163438771174,0.8186269854872406,0.7249008717010159,0.7344173191851107,0.8358632841945437
nitymed,Seen,3243,0.996299722479186,0.5,0.498149861239593,0.4990732159406858,nan
nthu_ddd,Unseen,13287,0.6697523895536991,0.4521448820173629,0.49288986205663937,0.42120622019582155,0.534276302259403
yawdd,Unseen,360,0.5472222222222223,0.29056047197640117,0.4518348623853211,0.35368043087971274,0.11710169272515829
